<application>
  <component name="FileTypeManager" version="18">
    <extensionMap>
      <mapping ext="bak" type="PLAIN_TEXT" />
      <mapping ext="ttf" type="PLAIN_TEXT" />
      <mapping ext="3mf" type="PLAIN_TEXT" />
      <mapping ext=".tabnine.model" type="Tabnine project model file" />
      <mapping ext=".tabnine" type="Tabnine project model file" />
      <mapping ext=".model" type="Tabnine project model file" />
      <mapping ext="tabnine" type="Tabnine project model file" />
      <mapping ext="model" type="Tabnine project model file" />
      <mapping pattern="SVGLoader" type="TypeScript" />
      <mapping ext="" type="TypeScript" />
    </extensionMap>
  </component>
</application>