<application>
  <component name="GitRememberedInputs">
    <option name="visitedUrls">
      <list>
        <UrlAndUserName>
          <option name="url" value="http://dev.azure.com/slb1-swt/Prism/_git/LiveProduct.Library.ViewCommon" />
          <option name="userName" value="slb1-swt" />
        </UrlAndUserName>
        <UrlAndUserName>
          <option name="url" value="http://dev.azure.com/slb1-swt/Prism/_git/LiveProduct.Library.Plot3D" />
          <option name="userName" value="slb1-swt" />
        </UrlAndUserName>
        <UrlAndUserName>
          <option name="url" value="http://dev.azure.com/slb1-swt/Interpretation" />
          <option name="userName" value="XNiu5" />
        </UrlAndUserName>
        <UrlAndUserName>
          <option name="url" value="http://dev.azure.com/slb1-swt/Prism/_git/LiveProduct.View.MCHiP" />
          <option name="userName" value="slb1-swt" />
        </UrlAndUserName>
        <UrlAndUserName>
          <option name="url" value="http://dev.azure.com/slb1-swt/Prism/_git/LiveProduct.View.Geosteering" />
          <option name="userName" value="slb1-swt" />
        </UrlAndUserName>
        <UrlAndUserName>
          <option name="url" value="http://dev.azure.com/slb1-swt/Prism/_git/LiveProduct.ViewSchemas" />
          <option name="userName" value="slb1-swt" />
        </UrlAndUserName>
      </list>
    </option>
  </component>
  <component name="Vcs.Log.App.Settings">
    <option name="COLUMN_ID_ORDER">
      <list>
        <option value="Default.Root" />
        <option value="Default.Author" />
        <option value="Default.Date" />
        <option value="Default.Subject" />
      </list>
    </option>
  </component>
  <component name="VcsApplicationSettings">
    <option name="COMMIT_FROM_LOCAL_CHANGES" value="true" />
  </component>
</application>